Id,AbilityId,LocalLanguageId,Name
1,1,1,あくしゅう
2,1,3,악취
3,1,4,惡臭
4,1,5,Puanteur
5,1,6,Duftnote
6,1,7,Hedor
7,1,8,Tanfo
8,1,9,Stench
9,1,11,あくしゅう
10,1,12,恶臭
11,2,1,あめふらし
12,2,3,잔비
13,2,4,降雨
14,2,5,Crachin
15,2,6,Niesel
16,2,7,Llovizna
17,2,8,Piovischio
18,2,9,Drizzle
19,2,11,あめふらし
20,2,12,降雨
21,3,1,かそく
22,3,3,가속
23,3,4,加速
24,3,5,Turbo
25,3,6,Temposchub
26,3,7,Impulso
27,3,8,Acceleratore
28,3,9,Speed Boost
29,3,11,かそく
30,3,12,加速
31,4,1,カブトアーマー
32,4,3,전투무장
33,4,4,戰鬥盔甲
34,4,5,Armurbaston
35,4,6,Kampfpanzer
36,4,7,Armadura Batalla
37,4,8,Lottascudo
38,4,9,Battle Armor
39,4,11,カブトアーマー
40,4,12,战斗盔甲
41,5,1,がんじょう
42,5,3,옹골참
43,5,4,結實
44,5,5,Fermeté
45,5,6,Robustheit
46,5,7,Robustez
47,5,8,Vigore
48,5,9,Sturdy
49,5,11,がんじょう
50,5,12,结实
51,6,1,しめりけ
52,6,3,습기
53,6,4,濕氣
54,6,5,Moiteur
55,6,6,Feuchtigkeit
56,6,7,Humedad
57,6,8,Umidità
58,6,9,Damp
59,6,11,しめりけ
60,6,12,湿气
61,7,1,じゅうなん
62,7,3,유연
63,7,4,柔軟
64,7,5,Échauffement
65,7,6,Flexibilität
66,7,7,Flexibilidad
67,7,8,Scioltezza
68,7,9,Limber
69,7,11,じゅうなん
70,7,12,柔软
71,8,1,すながくれ
72,8,3,모래숨기
73,8,4,沙隱
74,8,5,Voile Sable
75,8,6,Sandschleier
76,8,7,Velo Arena
77,8,8,Sabbiavelo
78,8,9,Sand Veil
79,8,11,すながくれ
80,8,12,沙隐
81,9,1,せいでんき
82,9,3,정전기
83,9,4,靜電
84,9,5,Statik
85,9,6,Statik
86,9,7,Elec. Estática
87,9,8,Statico
88,9,9,Static
89,9,11,せいでんき
90,9,12,静电
91,10,1,ちくでん
92,10,3,축전
93,10,4,蓄電
94,10,5,Absorbe-Volt
95,10,6,Voltabsorber
96,10,7,Absorbe Elec
97,10,8,Assorbivolt
98,10,9,Volt Absorb
99,10,11,ちくでん
100,10,12,蓄电
101,11,1,ちょすい
102,11,3,저수
103,11,4,儲水
104,11,5,Absorbe-Eau
105,11,6,H2O-Absorber
106,11,7,Absorbe Agua
107,11,8,Assorbacqua
108,11,9,Water Absorb
109,11,11,ちょすい
110,11,12,储水
111,12,1,どんかん
112,12,3,둔감
113,12,4,遲鈍
114,12,5,Benêt
115,12,6,Dösigkeit
116,12,7,Despiste
117,12,8,Indifferenza
118,12,9,Oblivious
119,12,11,どんかん
120,12,12,迟钝
121,13,1,ノーてんき
122,13,3,날씨부정
123,13,4,無關天氣
124,13,5,Ciel Gris
125,13,6,Wolke Sieben
126,13,7,Aclimatación
127,13,8,Antimeteo
128,13,9,Cloud Nine
129,13,11,ノーてんき
130,13,12,无关天气
131,14,1,ふくがん
132,14,3,복안
133,14,4,複眼
134,14,5,Œil Composé
135,14,6,Facettenauge
136,14,7,Ojo Compuesto
137,14,8,Insettocchi
138,14,9,Compound Eyes
139,14,11,ふくがん
140,14,12,复眼
141,15,1,ふみん
142,15,3,불면
143,15,4,不眠
144,15,5,Insomnia
145,15,6,Insomnia
146,15,7,Insomnio
147,15,8,Insonnia
148,15,9,Insomnia
149,15,11,ふみん
150,15,12,不眠
151,16,1,へんしょく
152,16,3,변색
153,16,4,變色
154,16,5,Homochromie
155,16,6,Farbwechsel
156,16,7,Cambio Color
157,16,8,Cambiacolore
158,16,9,Color Change
159,16,11,へんしょく
160,16,12,变色
161,17,1,めんえき
162,17,3,면역
163,17,4,免疫
164,17,5,Vaccin
165,17,6,Immunität
166,17,7,Inmunidad
167,17,8,Immunità
168,17,9,Immunity
169,17,11,めんえき
170,17,12,免疫
171,18,1,もらいび
172,18,3,타오르는불꽃
173,18,4,引火
174,18,5,Torche
175,18,6,Feuerfänger
176,18,7,Absorbe Fuego
177,18,8,Fuocardore
178,18,9,Flash Fire
179,18,11,もらいび
180,18,12,引火
181,19,1,りんぷん
182,19,3,인분
183,19,4,鱗粉
184,19,5,Écran Poudre
185,19,6,Puderabwehr
186,19,7,Polvo Escudo
187,19,8,Polvoscudo
188,19,9,Shield Dust
189,19,11,りんぷん
190,19,12,鳞粉
191,20,1,マイペース
192,20,3,마이페이스
193,20,4,我行我素
194,20,5,Tempo Perso
195,20,6,Tempomacher
196,20,7,Ritmo Propio
197,20,8,Mente Locale
198,20,9,Own Tempo
199,20,11,マイペース
200,20,12,我行我素
201,21,1,きゅうばん
202,21,3,흡반
203,21,4,吸盤
204,21,5,Ventouse
205,21,6,Saugnapf
206,21,7,Ventosas
207,21,8,Ventose
208,21,9,Suction Cups
209,21,11,きゅうばん
210,21,12,吸盘
211,22,1,いかく
212,22,3,위협
213,22,4,威嚇
214,22,5,Intimidation
215,22,6,Bedroher
216,22,7,Intimidación
217,22,8,Prepotenza
218,22,9,Intimidate
219,22,11,いかく
220,22,12,威吓
221,23,1,かげふみ
222,23,3,그림자밟기
223,23,4,踩影
224,23,5,Marque Ombre
225,23,6,Wegsperre
226,23,7,Sombra Trampa
227,23,8,Pedinombra
228,23,9,Shadow Tag
229,23,11,かげふみ
230,23,12,踩影
231,24,1,さめはだ
232,24,3,까칠한피부
233,24,4,粗糙皮膚
234,24,5,Peau Dure
235,24,6,Rauhaut
236,24,7,Piel Tosca
237,24,8,Cartavetro
238,24,9,Rough Skin
239,24,11,さめはだ
240,24,12,粗糙皮肤
241,25,1,ふしぎなまもり
242,25,3,불가사의부적
243,25,4,神奇守護
244,25,5,Garde Mystik
245,25,6,Wunderwache
246,25,7,Superguarda
247,25,8,Magidifesa
248,25,9,Wonder Guard
249,25,11,ふしぎなまもり
250,25,12,神奇守护
251,26,1,ふゆう
252,26,3,부유
253,26,4,飄浮
254,26,5,Lévitation
255,26,6,Schwebe
256,26,7,Levitación
257,26,8,Levitazione
258,26,9,Levitate
259,26,11,ふゆう
260,26,12,飘浮
261,27,1,ほうし
262,27,3,포자
263,27,4,孢子
264,27,5,Pose Spore
265,27,6,Sporenwirt
266,27,7,Efecto Espora
267,27,8,Spargispora
268,27,9,Effect Spore
269,27,11,ほうし
270,27,12,孢子
271,28,1,シンクロ
272,28,3,싱크로
273,28,4,同步
274,28,5,Synchro
275,28,6,Synchro
276,28,7,Sincronía
277,28,8,Sincronismo
278,28,9,Synchronize
279,28,11,シンクロ
280,28,12,同步
281,29,1,クリアボディ
282,29,3,클리어바디
283,29,4,恆淨之軀
284,29,5,Corps Sain
285,29,6,Neutraltorso
286,29,7,Cuerpo Puro
287,29,8,Corpochiaro
288,29,9,Clear Body
289,29,11,クリアボディ
290,29,12,恒净之躯
291,30,1,しぜんかいふく
292,30,3,자연회복
293,30,4,自然回復
294,30,5,Médic Nature
295,30,6,Innere Kraft
296,30,7,Cura Natural
297,30,8,Alternacura
298,30,9,Natural Cure
299,30,11,しぜんかいふく
300,30,12,自然回复
301,31,1,ひらいしん
302,31,3,피뢰침
303,31,4,避雷針
304,31,5,Paratonnerre
305,31,6,Blitzfänger
306,31,7,Pararrayos
307,31,8,Parafulmine
308,31,9,Lightning Rod
309,31,11,ひらいしん
310,31,12,避雷针
311,32,1,てんのめぐみ
312,32,3,하늘의은총
313,32,4,天恩
314,32,5,Sérénité
315,32,6,Edelmut
316,32,7,Dicha
317,32,8,Leggiadro
318,32,9,Serene Grace
319,32,11,てんのめぐみ
320,32,12,天恩
321,33,1,すいすい
322,33,3,쓱쓱
323,33,4,悠游自如
324,33,5,Glissade
325,33,6,Wassertempo
326,33,7,Nado Rápido
327,33,8,Nuotovelox
328,33,9,Swift Swim
329,33,11,すいすい
330,33,12,悠游自如
331,34,1,ようりょくそ
332,34,3,엽록소
333,34,4,葉綠素
334,34,5,Chlorophylle
335,34,6,Chlorophyll
336,34,7,Clorofila
337,34,8,Clorofilla
338,34,9,Chlorophyll
339,34,11,ようりょくそ
340,34,12,叶绿素
341,35,1,はっこう
342,35,3,발광
343,35,4,發光
344,35,5,Lumiattirance
345,35,6,Erleuchtung
346,35,7,Iluminación
347,35,8,Risplendi
348,35,9,Illuminate
349,35,11,はっこう
350,35,12,发光
351,36,1,トレース
352,36,3,트레이스
353,36,4,複製
354,36,5,Calque
355,36,6,Erfassen
356,36,7,Rastro
357,36,8,Traccia
358,36,9,Trace
359,36,11,トレース
360,36,12,复制
361,37,1,ちからもち
362,37,3,천하장사
363,37,4,大力士
364,37,5,Coloforce
365,37,6,Kraftkoloss
366,37,7,Potencia
367,37,8,Macroforza
368,37,9,Huge Power
369,37,11,ちからもち
370,37,12,大力士
371,38,1,どくのトゲ
372,38,3,독가시
373,38,4,毒刺
374,38,5,Point Poison
375,38,6,Giftdorn
376,38,7,Punto Tóxico
377,38,8,Velenopunto
378,38,9,Poison Point
379,38,11,どくのトゲ
380,38,12,毒刺
381,39,1,せいしんりょく
382,39,3,정신력
383,39,4,精神力
384,39,5,Attention
385,39,6,Konzentrator
386,39,7,Foco Interno
387,39,8,Forza Interiore
388,39,9,Inner Focus
389,39,11,せいしんりょく
390,39,12,精神力
391,40,1,マグマのよろい
392,40,3,마그마의무장
393,40,4,熔岩鎧甲
394,40,5,Armumagma
395,40,6,Magmapanzer
396,40,7,Escudo Magma
397,40,8,Magmascudo
398,40,9,Magma Armor
399,40,11,マグマのよろい
400,40,12,熔岩铠甲
401,41,1,みずのベール
402,41,3,수의베일
403,41,4,水幕
404,41,5,Ignifu-Voile
405,41,6,Aquahülle
406,41,7,Velo Agua
407,41,8,Idrovelo
408,41,9,Water Veil
409,41,11,みずのベール
410,41,12,水幕
411,42,1,じりょく
412,42,3,자력
413,42,4,磁力
414,42,5,Magnépiège
415,42,6,Magnetfalle
416,42,7,Imán
417,42,8,Magnetismo
418,42,9,Magnet Pull
419,42,11,じりょく
420,42,12,磁力
421,43,1,ぼうおん
422,43,3,방음
423,43,4,隔音
424,43,5,Anti-Bruit
425,43,6,Lärmschutz
426,43,7,Insonorizar
427,43,8,Antisuono
428,43,9,Soundproof
429,43,11,ぼうおん
430,43,12,隔音
431,44,1,あめうけざら
432,44,3,젖은접시
433,44,4,雨盤
434,44,5,Cuvette
435,44,6,Regengenuss
436,44,7,Cura Lluvia
437,44,8,Copripioggia
438,44,9,Rain Dish
439,44,11,あめうけざら
440,44,12,雨盘
441,45,1,すなおこし
442,45,3,모래날림
443,45,4,揚沙
444,45,5,Sable Volant
445,45,6,Sandsturm
446,45,7,Chorro Arena
447,45,8,Sabbiafiume
448,45,9,Sand Stream
449,45,11,すなおこし
450,45,12,扬沙
451,46,1,プレッシャー
452,46,3,프레셔
453,46,4,壓迫感
454,46,5,Pression
455,46,6,Erzwinger
456,46,7,Presión
457,46,8,Pressione
458,46,9,Pressure
459,46,11,プレッシャー
460,46,12,压迫感
461,47,1,あついしぼう
462,47,3,두꺼운지방
463,47,4,厚脂肪
464,47,5,Isograisse
465,47,6,Speckschicht
466,47,7,Sebo
467,47,8,Grassospesso
468,47,9,Thick Fat
469,47,11,あついしぼう
470,47,12,厚脂肪
471,48,1,はやおき
472,48,3,일찍기상
473,48,4,早起
474,48,5,Matinal
475,48,6,Frühwecker
476,48,7,Madrugar
477,48,8,Sveglialampo
478,48,9,Early Bird
479,48,11,はやおき
480,48,12,早起
481,49,1,ほのおのからだ
482,49,3,불꽃몸
483,49,4,火焰之軀
484,49,5,Corps Ardent
485,49,6,Flammkörper
486,49,7,Cuerpo Llama
487,49,8,Corpodifuoco
488,49,9,Flame Body
489,49,11,ほのおのからだ
490,49,12,火焰之躯
491,50,1,にげあし
492,50,3,도주
493,50,4,逃跑
494,50,5,Fuite
495,50,6,Angsthase
496,50,7,Fuga
497,50,8,Fugafacile
498,50,9,Run Away
499,50,11,にげあし
500,50,12,逃跑
501,51,1,するどいめ
502,51,3,날카로운눈
503,51,4,銳利目光
504,51,5,Regard Vif
505,51,6,Adlerauge
506,51,7,Vista Lince
507,51,8,Sguardofermo
508,51,9,Keen Eye
509,51,11,するどいめ
510,51,12,锐利目光
511,52,1,かいりきバサミ
512,52,3,괴력집게
513,52,4,怪力鉗
514,52,5,Hyper Cutter
515,52,6,Scherenmacht
516,52,7,Corte Fuerte
517,52,8,Ipertaglio
518,52,9,Hyper Cutter
519,52,11,かいりきバサミ
520,52,12,怪力钳
521,53,1,ものひろい
522,53,3,픽업
523,53,4,撿拾
524,53,5,Ramassage
525,53,6,Mitnahme
526,53,7,Recogida
527,53,8,Raccolta
528,53,9,Pickup
529,53,11,ものひろい
530,53,12,捡拾
531,54,1,なまけ
532,54,3,게으름
533,54,4,懶惰
534,54,5,Absentéisme
535,54,6,Schnarchnase
536,54,7,Ausente
537,54,8,Pigrone
538,54,9,Truant
539,54,11,なまけ
540,54,12,懒惰
541,55,1,はりきり
542,55,3,의욕
543,55,4,活力
544,55,5,Agitation
545,55,6,Übereifer
546,55,7,Entusiasmo
547,55,8,Tuttafretta
548,55,9,Hustle
549,55,11,はりきり
550,55,12,活力
551,56,1,メロメロボディ
552,56,3,헤롱헤롱바디
553,56,4,迷人之軀
554,56,5,Joli Sourire
555,56,6,Charmebolzen
556,56,7,Gran Encanto
557,56,8,Incantevole
558,56,9,Cute Charm
559,56,11,メロメロボディ
560,56,12,迷人之躯
561,57,1,プラス
562,57,3,플러스
563,57,4,正電
564,57,5,Plus
565,57,6,Plus
566,57,7,Más
567,57,8,Più
568,57,9,Plus
569,57,11,プラス
570,57,12,正电
571,58,1,マイナス
572,58,3,마이너스
573,58,4,負電
574,58,5,Moins
575,58,6,Minus
576,58,7,Menos
577,58,8,Meno
578,58,9,Minus
579,58,11,マイナス
580,58,12,负电
581,59,1,てんきや
582,59,3,기분파
583,59,4,陰晴不定
584,59,5,Météo
585,59,6,Prognose
586,59,7,Predicción
587,59,8,Previsioni
588,59,9,Forecast
589,59,11,てんきや
590,59,12,阴晴不定
591,60,1,ねんちゃく
592,60,3,점착
593,60,4,黏著
594,60,5,Glu
595,60,6,Klebekörper
596,60,7,Viscosidad
597,60,8,Antifurto
598,60,9,Sticky Hold
599,60,11,ねんちゃく
600,60,12,黏着
601,61,1,だっぴ
602,61,3,탈피
603,61,4,蛻皮
604,61,5,Mue
605,61,6,Expidermis
606,61,7,Mudar
607,61,8,Muta
608,61,9,Shed Skin
609,61,11,だっぴ
610,61,12,蜕皮
611,62,1,こんじょう
612,62,3,근성
613,62,4,毅力
614,62,5,Cran
615,62,6,Adrenalin
616,62,7,Agallas
617,62,8,Dentistretti
618,62,9,Guts
619,62,11,こんじょう
620,62,12,毅力
621,63,1,ふしぎなうろこ
622,63,3,이상한비늘
623,63,4,神奇鱗片
624,63,5,Écaille Spéciale
625,63,6,Notschutz
626,63,7,Escama Especial
627,63,8,Pelledura
628,63,9,Marvel Scale
629,63,11,ふしぎなうろこ
630,63,12,神奇鳞片
631,64,1,ヘドロえき
632,64,3,해감액
633,64,4,污泥漿
634,64,5,Suintement
635,64,6,Kloakensoße
636,64,7,Lodo Líquido
637,64,8,Melma
638,64,9,Liquid Ooze
639,64,11,ヘドロえき
640,64,12,污泥浆
641,65,1,しんりょく
642,65,3,심록
643,65,4,茂盛
644,65,5,Engrais
645,65,6,Notdünger
646,65,7,Espesura
647,65,8,Erbaiuto
648,65,9,Overgrow
649,65,11,しんりょく
650,65,12,茂盛
651,66,1,もうか
652,66,3,맹화
653,66,4,猛火
654,66,5,Brasier
655,66,6,Großbrand
656,66,7,Mar Llamas
657,66,8,Aiutofuoco
658,66,9,Blaze
659,66,11,もうか
660,66,12,猛火
661,67,1,げきりゅう
662,67,3,급류
663,67,4,激流
664,67,5,Torrent
665,67,6,Sturzbach
666,67,7,Torrente
667,67,8,Acquaiuto
668,67,9,Torrent
669,67,11,げきりゅう
670,67,12,激流
671,68,1,むしのしらせ
672,68,3,벌레의알림
673,68,4,蟲之預感
674,68,5,Essaim
675,68,6,Hexaplaga
676,68,7,Enjambre
677,68,8,Aiutinsetto
678,68,9,Swarm
679,68,11,むしのしらせ
680,68,12,虫之预感
681,69,1,いしあたま
682,69,3,돌머리
683,69,4,堅硬腦袋
684,69,5,Tête de Roc
685,69,6,Steinhaupt
686,69,7,Cabeza Roca
687,69,8,Testadura
688,69,9,Rock Head
689,69,11,いしあたま
690,69,12,坚硬脑袋
691,70,1,ひでり
692,70,3,가뭄
693,70,4,日照
694,70,5,Sécheresse
695,70,6,Dürre
696,70,7,Sequía
697,70,8,Siccità
698,70,9,Drought
699,70,11,ひでり
700,70,12,日照
701,71,1,ありじごく
702,71,3,개미지옥
703,71,4,沙穴
704,71,5,Piège Sable
705,71,6,Ausweglos
706,71,7,Trampa Arena
707,71,8,Trappoarena
708,71,9,Arena Trap
709,71,11,ありじごく
710,71,12,沙穴
711,72,1,やるき
712,72,3,의기양양
713,72,4,幹勁
714,72,5,Esprit Vital
715,72,6,Munterkeit
716,72,7,Espíritu Vital
717,72,8,Spiritovivo
718,72,9,Vital Spirit
719,72,11,やるき
720,72,12,干劲
721,73,1,しろいけむり
722,73,3,하얀연기
723,73,4,白色煙霧
724,73,5,Écran Fumée
725,73,6,Pulverrauch
726,73,7,Humo Blanco
727,73,8,Fumochiaro
728,73,9,White Smoke
729,73,11,しろいけむり
730,73,12,白色烟雾
731,74,1,ヨガパワー
732,74,3,순수한힘
733,74,4,瑜伽之力
734,74,5,Force Pure
735,74,6,Mentalkraft
736,74,7,Energía Pura
737,74,8,Forzapura
738,74,9,Pure Power
739,74,11,ヨガパワー
740,74,12,瑜伽之力
741,75,1,シェルアーマー
742,75,3,조가비갑옷
743,75,4,硬殼盔甲
744,75,5,Coque Armure
745,75,6,Panzerhaut
746,75,7,Caparazón
747,75,8,Guscioscudo
748,75,9,Shell Armor
749,75,11,シェルアーマー
750,75,12,硬壳盔甲
751,76,1,エアロック
752,76,3,에어록
753,76,4,氣閘
754,76,5,Air Lock
755,76,6,Klimaschutz
756,76,7,Bucle Aire
757,76,8,Riparo
758,76,9,Air Lock
759,76,11,エアロック
760,76,12,气闸
761,77,1,ちどりあし
762,77,3,갈지자걸음
763,77,4,蹣跚
764,77,5,Pieds Confus
765,77,6,Fußangel
766,77,7,Tumbos
767,77,8,Intricopiedi
768,77,9,Tangled Feet
769,77,11,ちどりあし
770,77,12,蹒跚
771,78,1,でんきエンジン
772,78,3,전기엔진
773,78,4,電氣引擎
774,78,5,Motorisé
775,78,6,Starthilfe
776,78,7,Electromotor
777,78,8,Elettrorapid
778,78,9,Motor Drive
779,78,11,でんきエンジン
780,78,12,电气引擎
781,79,1,とうそうしん
782,79,3,투쟁심
783,79,4,鬥爭心
784,79,5,Rivalité
785,79,6,Rivalität
786,79,7,Rivalidad
787,79,8,Antagonismo
788,79,9,Rivalry
789,79,11,とうそうしん
790,79,12,斗争心
791,80,1,ふくつのこころ
792,80,3,불굴의마음
793,80,4,不屈之心
794,80,5,Impassible
795,80,6,Felsenfest
796,80,7,Impasible
797,80,8,Cuordeciso
798,80,9,Steadfast
799,80,11,ふくつのこころ
800,80,12,不屈之心
801,81,1,ゆきがくれ
802,81,3,눈숨기
803,81,4,雪隱
804,81,5,Rideau Neige
805,81,6,Schneemantel
806,81,7,Manto Níveo
807,81,8,Mantelneve
808,81,9,Snow Cloak
809,81,11,ゆきがくれ
810,81,12,雪隐
811,82,1,くいしんぼう
812,82,3,먹보
813,82,4,貪吃鬼
814,82,5,Gloutonnerie
815,82,6,Völlerei
816,82,7,Gula
817,82,8,Voracità
818,82,9,Gluttony
819,82,11,くいしんぼう
820,82,12,贪吃鬼
821,83,1,いかりのつぼ
822,83,3,분노의경혈
823,83,4,憤怒穴位
824,83,5,Colérique
825,83,6,Kurzschluss
826,83,7,Irascible
827,83,8,Grancollera
828,83,9,Anger Point
829,83,11,いかりのつぼ
830,83,12,愤怒穴位
831,84,1,かるわざ
832,84,3,곡예
833,84,4,輕裝
834,84,5,Délestage
835,84,6,Entlastung
836,84,7,Liviano
837,84,8,Agiltecnica
838,84,9,Unburden
839,84,11,かるわざ
840,84,12,轻装
841,85,1,たいねつ
842,85,3,내열
843,85,4,耐熱
844,85,5,Ignifugé
845,85,6,Hitzeschutz
846,85,7,Ignífugo
847,85,8,Antifuoco
848,85,9,Heatproof
849,85,11,たいねつ
850,85,12,耐热
851,86,1,たんじゅん
852,86,3,단순
853,86,4,單純
854,86,5,Simple
855,86,6,Wankelmut
856,86,7,Simple
857,86,8,Disinvoltura
858,86,9,Simple
859,86,11,たんじゅん
860,86,12,单纯
861,87,1,かんそうはだ
862,87,3,건조피부
863,87,4,乾燥皮膚
864,87,5,Peau Sèche
865,87,6,Trockenheit
866,87,7,Piel Seca
867,87,8,Pellearsa
868,87,9,Dry Skin
869,87,11,かんそうはだ
870,87,12,干燥皮肤
871,88,1,ダウンロード
872,88,3,다운로드
873,88,4,下載
874,88,5,Télécharge
875,88,6,Download
876,88,7,Descarga
877,88,8,Download
878,88,9,Download
879,88,11,ダウンロード
880,88,12,下载
881,89,1,てつのこぶし
882,89,3,철주먹
883,89,4,鐵拳
884,89,5,Poing de Fer
885,89,6,Eisenfaust
886,89,7,Puño Férreo
887,89,8,Ferropugno
888,89,9,Iron Fist
889,89,11,てつのこぶし
890,89,12,铁拳
891,90,1,ポイズンヒール
892,90,3,포이즌힐
893,90,4,毒療
894,90,5,Soin Poison
895,90,6,Aufheber
896,90,7,Antídoto
897,90,8,Velencura
898,90,9,Poison Heal
899,90,11,ポイズンヒール
900,90,12,毒疗
901,91,1,てきおうりょく
902,91,3,적응력
903,91,4,適應力
904,91,5,Adaptabilité
905,91,6,Anpassung
906,91,7,Adaptable
907,91,8,Adattabilità
908,91,9,Adaptability
909,91,11,てきおうりょく
910,91,12,适应力
911,92,1,スキルリンク
912,92,3,스킬링크
913,92,4,連續攻擊
914,92,5,Multi-Coups
915,92,6,Wertelink
916,92,7,Encadenado
917,92,8,Abillegame
918,92,9,Skill Link
919,92,11,スキルリンク
920,92,12,连续攻击
921,93,1,うるおいボディ
922,93,3,촉촉바디
923,93,4,濕潤之軀
924,93,5,Hydratation
925,93,6,Hydration
926,93,7,Hidratación
927,93,8,Idratazione
928,93,9,Hydration
929,93,11,うるおいボディ
930,93,12,湿润之躯
931,94,1,サンパワー
932,94,3,선파워
933,94,4,太陽之力
934,94,5,Force Soleil
935,94,6,Solarkraft
936,94,7,Poder Solar
937,94,8,Solarpotere
938,94,9,Solar Power
939,94,11,サンパワー
940,94,12,太阳之力
941,95,1,はやあし
942,95,3,속보
943,95,4,飛毛腿
944,95,5,Pied Véloce
945,95,6,Rasanz
946,95,7,Pies Rápidos
947,95,8,Piedisvelti
948,95,9,Quick Feet
949,95,11,はやあし
950,95,12,飞毛腿
951,96,1,ノーマルスキン
952,96,3,노말스킨
953,96,4,一般皮膚
954,96,5,Normalise
955,96,6,Regulierung
956,96,7,Normalidad
957,96,8,Normalità
958,96,9,Normalize
959,96,11,ノーマルスキン
960,96,12,一般皮肤
961,97,1,スナイパー
962,97,3,스나이퍼
963,97,4,狙擊手
964,97,5,Sniper
965,97,6,Superschütze
966,97,7,Francotirador
967,97,8,Cecchino
968,97,9,Sniper
969,97,11,スナイパー
970,97,12,狙击手
971,98,1,マジックガード
972,98,3,매직가드
973,98,4,魔法防守
974,98,5,Garde Magik
975,98,6,Magieschild
976,98,7,Muro Mágico
977,98,8,Magicscudo
978,98,9,Magic Guard
979,98,11,マジックガード
980,98,12,魔法防守
981,99,1,ノーガード
982,99,3,노가드
983,99,4,無防守
984,99,5,Annule Garde
985,99,6,Schildlos
986,99,7,Indefenso
987,99,8,Nullodifesa
988,99,9,No Guard
989,99,11,ノーガード
990,99,12,无防守
991,100,1,あとだし
992,100,3,시간벌기
993,100,4,慢出
994,100,5,Frein
995,100,6,Zeitspiel
996,100,7,Rezagado
997,100,8,Rallentatore
998,100,9,Stall
999,100,11,あとだし
1000,100,12,慢出
1001,101,1,テクニシャン
1002,101,3,테크니션
1003,101,4,技術高手
1004,101,5,Technicien
1005,101,6,Techniker
1006,101,7,Experto
1007,101,8,Tecnico
1008,101,9,Technician
1009,101,11,テクニシャン
1010,101,12,技术高手
1011,102,1,リーフガード
1012,102,3,리프가드
1013,102,4,葉子防守
1014,102,5,Feuille Garde
1015,102,6,Floraschild
1016,102,7,Defensa Hoja
1017,102,8,Fogliamanto
1018,102,9,Leaf Guard
1019,102,11,リーフガード
1020,102,12,叶子防守
1021,103,1,ぶきよう
1022,103,3,서투름
1023,103,4,笨拙
1024,103,5,Maladresse
1025,103,6,Tollpatsch
1026,103,7,Zoquete
1027,103,8,Impaccio
1028,103,9,Klutz
1029,103,11,ぶきよう
1030,103,12,笨拙
1031,104,1,かたやぶり
1032,104,3,틀깨기
1033,104,4,破格
1034,104,5,Brise Moule
1035,104,6,Überbrückung
1036,104,7,Rompemoldes
1037,104,8,Rompiforma
1038,104,9,Mold Breaker
1039,104,11,かたやぶり
1040,104,12,破格
1041,105,1,きょううん
1042,105,3,대운
1043,105,4,超幸運
1044,105,5,Chanceux
1045,105,6,Glückspilz
1046,105,7,Afortunado
1047,105,8,Supersorte
1048,105,9,Super Luck
1049,105,11,きょううん
1050,105,12,超幸运
1051,106,1,ゆうばく
1052,106,3,유폭
1053,106,4,引爆
1054,106,5,Boom Final
1055,106,6,Finalschlag
1056,106,7,Detonación
1057,106,8,Scoppio
1058,106,9,Aftermath
1059,106,11,ゆうばく
1060,106,12,引爆
1061,107,1,きけんよち
1062,107,3,위험예지
1063,107,4,危險預知
1064,107,5,Anticipation
1065,107,6,Vorahnung
1066,107,7,Anticipación
1067,107,8,Presagio
1068,107,9,Anticipation
1069,107,11,きけんよち
1070,107,12,危险预知
1071,108,1,よちむ
1072,108,3,예지몽
1073,108,4,預知夢
1074,108,5,Prédiction
1075,108,6,Vorwarnung
1076,108,7,Alerta
1077,108,8,Premonizione
1078,108,9,Forewarn
1079,108,11,よちむ
1080,108,12,预知梦
1081,109,1,てんねん
1082,109,3,천진
1083,109,4,純樸
1084,109,5,Inconscient
1085,109,6,Unkenntnis
1086,109,7,Ignorante
1087,109,8,Imprudenza
1088,109,9,Unaware
1089,109,11,てんねん
1090,109,12,纯朴
1091,110,1,いろめがね
1092,110,3,색안경
1093,110,4,有色眼鏡
1094,110,5,Lentiteintée
1095,110,6,Aufwertung
1096,110,7,Cromolente
1097,110,8,Lentifumé
1098,110,9,Tinted Lens
1099,110,11,いろめがね
1100,110,12,有色眼镜
1101,111,1,フィルター
1102,111,3,필터
1103,111,4,過濾
1104,111,5,Filtre
1105,111,6,Filter
1106,111,7,Filtro
1107,111,8,Filtro
1108,111,9,Filter
1109,111,11,フィルター
1110,111,12,过滤
1111,112,1,スロースタート
1112,112,3,슬로스타트
1113,112,4,慢啟動
1114,112,5,Début Calme
1115,112,6,Saumselig
1116,112,7,Inicio Lento
1117,112,8,Lentoinizio
1118,112,9,Slow Start
1119,112,11,スロースタート
1120,112,12,慢启动
1121,113,1,きもったま
1122,113,3,배짱
1123,113,4,膽量
1124,113,5,Querelleur
1125,113,6,Rauflust
1126,113,7,Intrépido
1127,113,8,Nervisaldi
1128,113,9,Scrappy
1129,113,11,きもったま
1130,113,12,胆量
1131,114,1,よびみず
1132,114,3,마중물
1133,114,4,引水
1134,114,5,Lavabo
1135,114,6,Sturmsog
1136,114,7,Colector
1137,114,8,Acquascolo
1138,114,9,Storm Drain
1139,114,11,よびみず
1140,114,12,引水
1141,115,1,アイスボディ
1142,115,3,아이스바디
1143,115,4,冰凍之軀
1144,115,5,Corps Gel
1145,115,6,Eishaut
1146,115,7,Gélido
1147,115,8,Corpogelo
1148,115,9,Ice Body
1149,115,11,アイスボディ
1150,115,12,冰冻之躯
1151,116,1,ハードロック
1152,116,3,하드록
1153,116,4,堅硬岩石
1154,116,5,Solide Roc
1155,116,6,Felskern
1156,116,7,Roca Sólida
1157,116,8,Solidroccia
1158,116,9,Solid Rock
1159,116,11,ハードロック
1160,116,12,坚硬岩石
1161,117,1,ゆきふらし
1162,117,3,눈퍼뜨리기
1163,117,4,降雪
1164,117,5,Alerte Neige
1165,117,6,Hagelalarm
1166,117,7,Nevada
1167,117,8,Scendineve
1168,117,9,Snow Warning
1169,117,11,ゆきふらし
1170,117,12,降雪
1171,118,1,みつあつめ
1172,118,3,꿀모으기
1173,118,4,採蜜
1174,118,5,Cherche Miel
1175,118,6,Honigmaul
1176,118,7,Recogemiel
1177,118,8,Mielincetta
1178,118,9,Honey Gather
1179,118,11,みつあつめ
1180,118,12,采蜜
1181,119,1,おみとおし
1182,119,3,통찰
1183,119,4,察覺
1184,119,5,Fouille
1185,119,6,Schnüffler
1186,119,7,Cacheo
1187,119,8,Indagine
1188,119,9,Frisk
1189,119,11,おみとおし
1190,119,12,察觉
1191,120,1,すてみ
1192,120,3,이판사판
1193,120,4,捨身
1194,120,5,Téméraire
1195,120,6,Achtlos
1196,120,7,Audaz
1197,120,8,Temerarietà
1198,120,9,Reckless
1199,120,11,すてみ
1200,120,12,舍身
1201,121,1,マルチタイプ
1202,121,3,멀티타입
1203,121,4,多屬性
1204,121,5,Multi-Type
1205,121,6,Variabilität
1206,121,7,Multitipo
1207,121,8,Multitipo
1208,121,9,Multitype
1209,121,11,マルチタイプ
1210,121,12,多属性
1211,122,1,フラワーギフト
1212,122,3,플라워기프트
1213,122,4,花之禮
1214,122,5,Don Floral
1215,122,6,Pflanzengabe
1216,122,7,Don Floral
1217,122,8,Regalfiore
1218,122,9,Flower Gift
1219,122,11,フラワーギフト
1220,122,12,花之礼
1221,123,1,ナイトメア
1222,123,3,나이트메어
1223,123,4,夢魘
1224,123,5,Mauvais Rêve
1225,123,6,Alptraum
1226,123,7,Mal Sueño
1227,123,8,Sogniamari
1228,123,9,Bad Dreams
1229,123,11,ナイトメア
1230,123,12,梦魇
1231,124,1,わるいてぐせ
1232,124,3,나쁜손버릇
1233,124,4,順手牽羊
1234,124,5,Pickpocket
1235,124,6,Langfinger
1236,124,7,Hurto
1237,124,8,Arraffalesto
1238,124,9,Pickpocket
1239,124,11,わるいてぐせ
1240,124,12,顺手牵羊
1241,125,1,ちからずく
1242,125,3,우격다짐
1243,125,4,強行
1244,125,5,Sans Limite
1245,125,6,Rohe Gewalt
1246,125,7,Potencia Bruta
1247,125,8,Forzabruta
1248,125,9,Sheer Force
1249,125,11,ちからずく
1250,125,12,强行
1251,126,1,あまのじゃく
1252,126,3,심술꾸러기
1253,126,4,唱反調
1254,126,5,Contestation
1255,126,6,Umkehrung
1256,126,7,Respondón
1257,126,8,Inversione
1258,126,9,Contrary
1259,126,11,あまのじゃく
1260,126,12,唱反调
1261,127,1,きんちょうかん
1262,127,3,긴장감
1263,127,4,緊張感
1264,127,5,Tension
1265,127,6,Anspannung
1266,127,7,Nerviosismo
1267,127,8,Agitazione
1268,127,9,Unnerve
1269,127,11,きんちょうかん
1270,127,12,紧张感
1271,128,1,まけんき
1272,128,3,오기
1273,128,4,不服輸
1274,128,5,Acharné
1275,128,6,Siegeswille
1276,128,7,Competitivo
1277,128,8,Agonismo
1278,128,9,Defiant
1279,128,11,まけんき
1280,128,12,不服输
1281,129,1,よわき
1282,129,3,무기력
1283,129,4,軟弱
1284,129,5,Défaitiste
1285,129,6,Schwächling
1286,129,7,Flaqueza
1287,129,8,Sconforto
1288,129,9,Defeatist
1289,129,11,よわき
1290,129,12,软弱
1291,130,1,のろわれボディ
1292,130,3,저주받은바디
1293,130,4,詛咒之軀
1294,130,5,Corps Maudit
1295,130,6,Tastfluch
1296,130,7,Cuerpo Maldito
1297,130,8,Corpofunesto
1298,130,9,Cursed Body
1299,130,11,のろわれボディ
1300,130,12,诅咒之躯
1301,131,1,いやしのこころ
1302,131,3,치유의마음
1303,131,4,治癒之心
1304,131,5,Cœur Soin
1305,131,6,Heilherz
1306,131,7,Alma Cura
1307,131,8,Curacuore
1308,131,9,Healer
1309,131,11,いやしのこころ
1310,131,12,治愈之心
1311,132,1,フレンドガード
1312,132,3,프렌드가드
1313,132,4,友情防守
1314,132,5,Garde-Ami
1315,132,6,Freundeshut
1316,132,7,Compiescolta
1317,132,8,Amicoscudo
1318,132,9,Friend Guard
1319,132,11,フレンドガード
1320,132,12,友情防守
1321,133,1,くだけるよろい
1322,133,3,깨어진갑옷
1323,133,4,碎裂鎧甲
1324,133,5,Armurouillée
1325,133,6,Bruchrüstung
1326,133,7,Armadura Frágil
1327,133,8,Sottilguscio
1328,133,9,Weak Armor
1329,133,11,くだけるよろい
1330,133,12,碎裂铠甲
1331,134,1,ヘヴィメタル
1332,134,3,헤비메탈
1333,134,4,重金屬
1334,134,5,Heavy Metal
1335,134,6,Schwermetall
1336,134,7,Metal Pesado
1337,134,8,Metalpesante
1338,134,9,Heavy Metal
1339,134,11,ヘヴィメタル
1340,134,12,重金属
1341,135,1,ライトメタル
1342,135,3,라이트메탈
1343,135,4,輕金屬
1344,135,5,Light Metal
1345,135,6,Leichtmetall
1346,135,7,Metal Liviano
1347,135,8,Metalleggero
1348,135,9,Light Metal
1349,135,11,ライトメタル
1350,135,12,轻金属
1351,136,1,マルチスケイル
1352,136,3,멀티스케일
1353,136,4,多重鱗片
1354,136,5,Multiécaille
1355,136,6,Multischuppe
1356,136,7,Multiescamas
1357,136,8,Multisquame
1358,136,9,Multiscale
1359,136,11,マルチスケイル
1360,136,12,多重鳞片
1361,137,1,どくぼうそう
1362,137,3,독폭주
1363,137,4,中毒激升
1364,137,5,Rage Poison
1365,137,6,Giftwahn
1366,137,7,Ímpetu Tóxico
1367,137,8,Velenimpeto
1368,137,9,Toxic Boost
1369,137,11,どくぼうそう
1370,137,12,中毒激升
1371,138,1,ねつぼうそう
1372,138,3,열폭주
1373,138,4,受熱激升
1374,138,5,Rage Brûlure
1375,138,6,Hitzewahn
1376,138,7,Ímpetu Ardiente
1377,138,8,Bruciaimpeto
1378,138,9,Flare Boost
1379,138,11,ねつぼうそう
1380,138,12,受热激升
1381,139,1,しゅうかく
1382,139,3,수확
1383,139,4,收穫
1384,139,5,Récolte
1385,139,6,Reiche Ernte
1386,139,7,Cosecha
1387,139,8,Coglibacche
1388,139,9,Harvest
1389,139,11,しゅうかく
1390,139,12,收获
1391,140,1,テレパシー
1392,140,3,텔레파시
1393,140,4,心靈感應
1394,140,5,Télépathe
1395,140,6,Telepathie
1396,140,7,Telepatía
1397,140,8,Telepatia
1398,140,9,Telepathy
1399,140,11,テレパシー
1400,140,12,心灵感应
1401,141,1,ムラっけ
1402,141,3,변덕쟁이
1403,141,4,心情不定
1404,141,5,Lunatique
1405,141,6,Gefühlswippe
1406,141,7,Veleta
1407,141,8,Altalena
1408,141,9,Moody
1409,141,11,ムラっけ
1410,141,12,心情不定
1411,142,1,ぼうじん
1412,142,3,방진
1413,142,4,防塵
1414,142,5,Envelocape
1415,142,6,Partikelschutz
1416,142,7,Funda
1417,142,8,Copricapo
1418,142,9,Overcoat
1419,142,11,ぼうじん
1420,142,12,防尘
1421,143,1,どくしゅ
1422,143,3,독수
1423,143,4,毒手
1424,143,5,Toxitouche
1425,143,6,Giftgriff
1426,143,7,Toque Tóxico
1427,143,8,Velentocco
1428,143,9,Poison Touch
1429,143,11,どくしゅ
1430,143,12,毒手
1431,144,1,さいせいりょく
1432,144,3,재생력
1433,144,4,再生力
1434,144,5,Régé-Force
1435,144,6,Belebekraft
1436,144,7,Regeneración
1437,144,8,Rigenergia
1438,144,9,Regenerator
1439,144,11,さいせいりょく
1440,144,12,再生力
1441,145,1,はとむね
1442,145,3,부풀린가슴
1443,145,4,健壯胸肌
1444,145,5,Cœur de Coq
1445,145,6,Brustbieter
1446,145,7,Sacapecho
1447,145,8,Pettinfuori
1448,145,9,Big Pecks
1449,145,11,はとむね
1450,145,12,健壮胸肌
1451,146,1,すなかき
1452,146,3,모래헤치기
1453,146,4,撥沙
1454,146,5,Baigne Sable
1455,146,6,Sandscharrer
1456,146,7,Ímpetu Arena
1457,146,8,Remasabbia
1458,146,9,Sand Rush
1459,146,11,すなかき
1460,146,12,拨沙
1461,147,1,ミラクルスキン
1462,147,3,미라클스킨
1463,147,4,奇跡皮膚
1464,147,5,Peau Miracle
1465,147,6,Wunderhaut
1466,147,7,Piel Milagro
1467,147,8,Splendicute
1468,147,9,Wonder Skin
1469,147,11,ミラクルスキン
1470,147,12,奇迹皮肤
1471,148,1,アナライズ
1472,148,3,애널라이즈
1473,148,4,分析
1474,148,5,Analyste
1475,148,6,Analyse
1476,148,7,Cálculo Final
1477,148,8,Ponderazione
1478,148,9,Analytic
1479,148,11,アナライズ
1480,148,12,分析
1481,149,1,イリュージョン
1482,149,3,일루전
1483,149,4,幻覺
1484,149,5,Illusion
1485,149,6,Trugbild
1486,149,7,Ilusión
1487,149,8,Illusione
1488,149,9,Illusion
1489,149,11,イリュージョン
1490,149,12,幻觉
1491,150,1,かわりもの
1492,150,3,괴짜
1493,150,4,變身者
1494,150,5,Imposteur
1495,150,6,Doppelgänger
1496,150,7,Impostor
1497,150,8,Sosia
1498,150,9,Imposter
1499,150,11,かわりもの
1500,150,12,变身者
1501,151,1,すりぬけ
1502,151,3,틈새포착
1503,151,4,穿透
1504,151,5,Infiltration
1505,151,6,Schwebedurch
1506,151,7,Allanamiento
1507,151,8,Intrapasso
1508,151,9,Infiltrator
1509,151,11,すりぬけ
1510,151,12,穿透
1511,152,1,ミイラ
1512,152,3,미라
1513,152,4,木乃伊
1514,152,5,Momie
1515,152,6,Mumie
1516,152,7,Momia
1517,152,8,Mummia
1518,152,9,Mummy
1519,152,11,ミイラ
1520,152,12,木乃伊
1521,153,1,じしんかじょう
1522,153,3,자기과신
1523,153,4,自信過度
1524,153,5,Impudence
1525,153,6,Hochmut
1526,153,7,Autoestima
1527,153,8,Arroganza
1528,153,9,Moxie
1529,153,11,じしんかじょう
1530,153,12,自信过度
1531,154,1,せいぎのこころ
1532,154,3,정의의마음
1533,154,4,正義之心
1534,154,5,Cœur Noble
1535,154,6,Redlichkeit
1536,154,7,Justiciero
1537,154,8,Giustizia
1538,154,9,Justified
1539,154,11,せいぎのこころ
1540,154,12,正义之心
1541,155,1,びびり
1542,155,3,주눅
1543,155,4,膽怯
1544,155,5,Phobique
1545,155,6,Hasenfuß
1546,155,7,Cobardía
1547,155,8,Paura
1548,155,9,Rattled
1549,155,11,びびり
1550,155,12,胆怯
1551,156,1,マジックミラー
1552,156,3,매직미러
1553,156,4,魔法鏡
1554,156,5,Miroir Magik
1555,156,6,Magiespiegel
1556,156,7,Espejo Mágico
1557,156,8,Magispecchio
1558,156,9,Magic Bounce
1559,156,11,マジックミラー
1560,156,12,魔法镜
1561,157,1,そうしょく
1562,157,3,초식
1563,157,4,食草
1564,157,5,Herbivore
1565,157,6,Vegetarier
1566,157,7,Herbívoro
1567,157,8,Mangiaerba
1568,157,9,Sap Sipper
1569,157,11,そうしょく
1570,157,12,食草
1571,158,1,いたずらごころ
1572,158,3,짓궂은마음
1573,158,4,惡作劇之心
1574,158,5,Farceur
1575,158,6,Strolch
1576,158,7,Bromista
1577,158,8,Burla
1578,158,9,Prankster
1579,158,11,いたずらごころ
1580,158,12,恶作剧之心
1581,159,1,すなのちから
1582,159,3,모래의힘
1583,159,4,沙之力
1584,159,5,Force Sable
1585,159,6,Sandgewalt
1586,159,7,Poder Arena
1587,159,8,Silicoforza
1588,159,9,Sand Force
1589,159,11,すなのちから
1590,159,12,沙之力
1591,160,1,てつのトゲ
1592,160,3,철가시
1593,160,4,鐵刺
1594,160,5,Épine de Fer
1595,160,6,Eisenstachel
1596,160,7,Punta Acero
1597,160,8,Spineferrate
1598,160,9,Iron Barbs
1599,160,11,てつのトゲ
1600,160,12,铁刺
1601,161,1,ダルマモード
1602,161,3,달마모드
1603,161,4,達摩模式
1604,161,5,Mode Transe
1605,161,6,Trance-Modus
1606,161,7,Modo Daruma
1607,161,8,Stato Zen
1608,161,9,Zen Mode
1609,161,11,ダルマモード
1610,161,12,达摩模式
1611,162,1,しょうりのほし
1612,162,3,승리의별
1613,162,4,勝利之星
1614,162,5,Victorieux
1615,162,6,Triumphstern
1616,162,7,Tinovictoria
1617,162,8,Vittorstella
1618,162,9,Victory Star
1619,162,11,しょうりのほし
1620,162,12,胜利之星
1621,163,1,ターボブレイズ
1622,163,3,터보블레이즈
1623,163,4,渦輪火焰
1624,163,5,Turbo Brasier
1625,163,6,Turbobrand
1626,163,7,Turbollama
1627,163,8,Piroturbina
1628,163,9,Turboblaze
1629,163,11,ターボブレイズ
1630,163,12,涡轮火焰
1631,164,1,テラボルテージ
1632,164,3,테라볼티지
1633,164,4,兆級電壓
1634,164,5,Téra-Voltage
1635,164,6,Teravolt
1636,164,7,Terravoltaje
1637,164,8,Teravolt
1638,164,9,Teravolt
1639,164,11,テラボルテージ
1640,164,12,兆级电压
1641,165,1,アロマベール
1642,165,3,아로마베일
1643,165,4,芳香幕
1644,165,5,Aroma-Voile
1645,165,6,Dufthülle
1646,165,7,Velo Aroma
1647,165,8,Aromavelo
1648,165,9,Aroma Veil
1649,165,11,アロマベール
1650,165,12,芳香幕
1651,166,1,フラワーベール
1652,166,3,플라워베일
1653,166,4,花幕
1654,166,5,Flora-Voile
1655,166,6,Blütenhülle
1656,166,7,Velo Flor
1657,166,8,Fiorvelo
1658,166,9,Flower Veil
1659,166,11,フラワーベール
1660,166,12,花幕
1661,167,1,ほおぶくろ
1662,167,3,볼주머니
1663,167,4,頰囊
1664,167,5,Bajoues
1665,167,6,Backentaschen
1666,167,7,Carrillo
1667,167,8,Guancegonfie
1668,167,9,Cheek Pouch
1669,167,11,ほおぶくろ
1670,167,12,颊囊
1671,168,1,へんげんじざい
1672,168,3,변환자재
1673,168,4,變幻自如
1674,168,5,Protéen
1675,168,6,Wandlungskunst
1676,168,7,Mutatipo
1677,168,8,Mutatipo
1678,168,9,Protean
1679,168,11,へんげんじざい
1680,168,12,变幻自如
1681,169,1,ファーコート
1682,169,3,퍼코트
1683,169,4,毛皮大衣
1684,169,5,Toison Épaisse
1685,169,6,Fellkleid
1686,169,7,Pelaje Recio
1687,169,8,Foltopelo
1688,169,9,Fur Coat
1689,169,11,ファーコート
1690,169,12,毛皮大衣
1691,170,1,マジシャン
1692,170,3,매지션
1693,170,4,魔術師
1694,170,5,Magicien
1695,170,6,Zauberer
1696,170,7,Prestidigitador
1697,170,8,Prestigiatore
1698,170,9,Magician
1699,170,11,マジシャン
1700,170,12,魔术师
1701,171,1,ぼうだん
1702,171,3,방탄
1703,171,4,防彈
1704,171,5,Pare-Balles
1705,171,6,Kugelsicher
1706,171,7,Antibalas
1707,171,8,Antiproiettile
1708,171,9,Bulletproof
1709,171,11,ぼうだん
1710,171,12,防弹
1711,172,1,かちき
1712,172,3,승기
1713,172,4,好勝
1714,172,5,Battant
1715,172,6,Unbeugsamkeit
1716,172,7,Tenacidad
1717,172,8,Tenacia
1718,172,9,Competitive
1719,172,11,かちき
1720,172,12,好胜
1721,173,1,がんじょうあご
1722,173,3,옹골찬턱
1723,173,4,強壯之顎
1724,173,5,Prognathe
1725,173,6,Titankiefer
1726,173,7,Mandíbula Fuerte
1727,173,8,Ferromascella
1728,173,9,Strong Jaw
1729,173,11,がんじょうあご
1730,173,12,强壮之颚
1731,174,1,フリーズスキン
1732,174,3,프리즈스킨
1733,174,4,冰凍皮膚
1734,174,5,Peau Gelée
1735,174,6,Frostschicht
1736,174,7,Piel Helada
1737,174,8,Pellegelo
1738,174,9,Refrigerate
1739,174,11,フリーズスキン
1740,174,12,冰冻皮肤
1741,175,1,スイートベール
1742,175,3,스위트베일
1743,175,4,甜幕
1744,175,5,Gluco-Voile
1745,175,6,Zuckerhülle
1746,175,7,Velo Dulce
1747,175,8,Dolcevelo
1748,175,9,Sweet Veil
1749,175,11,スイートベール
1750,175,12,甜幕
1751,176,1,バトルスイッチ
1752,176,3,배틀스위치
1753,176,4,戰鬥切換
1754,176,5,Déclic Tactique
1755,176,6,Taktikwechsel
1756,176,7,Cambio Táctico
1757,176,8,Accendilotta
1758,176,9,Stance Change
1759,176,11,バトルスイッチ
1760,176,12,战斗切换
1761,177,1,はやてのつばさ
1762,177,3,질풍날개
1763,177,4,疾風之翼
1764,177,5,Ailes Bourrasque
1765,177,6,Orkanschwingen
1766,177,7,Alas Vendaval
1767,177,8,Aliraffica
1768,177,9,Gale Wings
1769,177,11,はやてのつばさ
1770,177,12,疾风之翼
1771,178,1,メガランチャー
1772,178,3,메가런처
1773,178,4,超級發射器
1774,178,5,Méga Blaster
1775,178,6,Megawumme
1776,178,7,Megadisparador
1777,178,8,Megalancio
1778,178,9,Mega Launcher
1779,178,11,メガランチャー
1780,178,12,超级发射器
1781,179,1,くさのけがわ
1782,179,3,풀모피
1783,179,4,草之毛皮
1784,179,5,Toison Herbue
1785,179,6,Pflanzenpelz
1786,179,7,Manto Frondoso
1787,179,8,Peloderba
1788,179,9,Grass Pelt
1789,179,11,くさのけがわ
1790,179,12,草之毛皮
1791,180,1,きょうせい
1792,180,3,공생
1793,180,4,共生
1794,180,5,Symbiose
1795,180,6,Nutznießer
1796,180,7,Simbiosis
1797,180,8,Simbiosi
1798,180,9,Symbiosis
1799,180,11,きょうせい
1800,180,12,共生
1801,181,1,かたいツメ
1802,181,3,단단한발톱
1803,181,4,硬爪
1804,181,5,Griffe Dure
1805,181,6,Krallenwucht
1806,181,7,Garra Dura
1807,181,8,Unghiedure
1808,181,9,Tough Claws
1809,181,11,かたいツメ
1810,181,12,硬爪
1811,182,1,フェアリースキン
1812,182,3,페어리스킨
1813,182,4,妖精皮膚
1814,182,5,Peau Féérique
1815,182,6,Feenschicht
1816,182,7,Piel Feérica
1817,182,8,Pellefolletto
1818,182,9,Pixilate
1819,182,11,フェアリースキン
1820,182,12,妖精皮肤
1821,183,1,ぬめぬめ
1822,183,3,미끈미끈
1823,183,4,黏滑
1824,183,5,Poisseux
1825,183,6,Viskosität
1826,183,7,Baba
1827,183,8,Viscosità
1828,183,9,Gooey
1829,183,11,ぬめぬめ
1830,183,12,黏滑
1831,184,1,スカイスキン
1832,184,3,스카이스킨
1833,184,4,飛行皮膚
1834,184,5,Peau Céleste
1835,184,6,Zenithaut
1836,184,7,Piel Celeste
1837,184,8,Pellecielo
1838,184,9,Aerilate
1839,184,11,スカイスキン
1840,184,12,飞行皮肤
1841,185,1,おやこあい
1842,185,3,부자유친
1843,185,4,親子愛
1844,185,5,Amour Filial
1845,185,6,Familienbande
1846,185,7,Amor Filial
1847,185,8,Amorefiliale
1848,185,9,Parental Bond
1849,185,11,おやこあい
1850,185,12,亲子爱
1851,186,1,ダークオーラ
1852,186,3,다크오라
1853,186,4,暗黑氣場
1854,186,5,Aura Ténébreuse
1855,186,6,Dunkelaura
1856,186,7,Aura Oscura
1857,186,8,Auratetra
1858,186,9,Dark Aura
1859,186,11,ダークオーラ
1860,186,12,暗黑气场
1861,187,1,フェアリーオーラ
1862,187,3,페어리오라
1863,187,4,妖精氣場
1864,187,5,Aura Féérique
1865,187,6,Feenaura
1866,187,7,Aura Feérica
1867,187,8,Aurafolletto
1868,187,9,Fairy Aura
1869,187,11,フェアリーオーラ
1870,187,12,妖精气场
1871,188,1,オーラブレイク
1872,188,3,오라브레이크
1873,188,4,氣場破壞
1874,188,5,Aura Inversée
1875,188,6,Aura-Umkehr
1876,188,7,Rompeaura
1877,188,8,Frangiaura
1878,188,9,Aura Break
1879,188,11,オーラブレイク
1880,188,12,气场破坏
1881,189,1,はじまりのうみ
1882,189,3,시작의바다
1883,189,4,始源之海
1884,189,5,Mer Primaire
1885,189,6,Urmeer
1886,189,7,Mar del Albor
1887,189,8,Mare Primordiale
1888,189,9,Primordial Sea
1889,189,11,はじまりのうみ
1890,189,12,始源之海
1891,190,1,おわりのだいち
1892,190,3,끝의대지
1893,190,4,終結之地
1894,190,5,Terre Finale
1895,190,6,Endland
1896,190,7,Tierra del Ocaso
1897,190,8,Terra Estrema
1898,190,9,Desolate Land
1899,190,11,おわりのだいち
1900,190,12,终结之地
1901,191,1,デルタストリーム
1902,191,3,델타스트림
1903,191,4,德爾塔氣流
1904,191,5,Souffle Delta
1905,191,6,Delta-Wind
1906,191,7,Ráfaga Delta
1907,191,8,Flusso Delta
1908,191,9,Delta Stream
1909,191,11,デルタストリーム
1910,191,12,德尔塔气流
1911,192,1,じきゅうりょく
1912,192,3,지구력
1913,192,4,持久力
1914,192,5,Endurance
1915,192,6,Zähigkeit
1916,192,7,Firmeza
1917,192,8,Sopportazione
1918,192,9,Stamina
1919,192,11,じきゅうりょく
1920,192,12,持久力
1921,193,1,にげごし
1922,193,3,도망태세
1923,193,4,躍躍欲逃
1924,193,5,Escampette
1925,193,6,Reißaus
1926,193,7,Huida
1927,193,8,Fuggifuggi
1928,193,9,Wimp Out
1929,193,11,にげごし
1930,193,12,跃跃欲逃
1931,194,1,ききかいひ
1932,194,3,위기회피
1933,194,4,危險迴避
1934,194,5,Repli Tactique
1935,194,6,Rückzug
1936,194,7,Retirada
1937,194,8,Passoindietro
1938,194,9,Emergency Exit
1939,194,11,ききかいひ
1940,194,12,危险回避
1941,195,1,みずがため
1942,195,3,꾸덕꾸덕굳기
1943,195,4,遇水凝固
1944,195,5,Sable Humide
1945,195,6,Verklumpen
1946,195,7,Hidrorrefuerzo
1947,195,8,Idrorinforzo
1948,195,9,Water Compaction
1949,195,11,みずがため
1950,195,12,遇水凝固
1951,196,1,ひとでなし
1952,196,3,무도한행동
1953,196,4,不仁不義
1954,196,5,Cruauté
1955,196,6,Quälerei
1956,196,7,Ensañamiento
1957,196,8,Spietatezza
1958,196,9,Merciless
1959,196,11,ひとでなし
1960,196,12,不仁不义
1961,197,1,リミットシールド
1962,197,3,리밋실드
1963,197,4,界限盾殼
1964,197,5,Bouclier-Carcan
1965,197,6,Limitschild
1966,197,7,Escudo Limitado
1967,197,8,Scudosoglia
1968,197,9,Shields Down
1969,197,11,リミットシールド
1970,197,12,界限盾壳
1971,198,1,はりこみ
1972,198,3,잠복
1973,198,4,監視
1974,198,5,Filature
1975,198,6,Beschattung
1976,198,7,Vigilante
1977,198,8,Sorveglianza
1978,198,9,Stakeout
1979,198,11,はりこみ
1980,198,12,蹲守
1981,199,1,すいほう
1982,199,3,수포
1983,199,4,水泡
1984,199,5,Aquabulle
1985,199,6,Wasserblase
1986,199,7,Pompa
1987,199,8,Bolladacqua
1988,199,9,Water Bubble
1989,199,11,すいほう
1990,199,12,水泡
1991,200,1,はがねつかい
1992,200,3,강철술사
1993,200,4,鋼能力者
1994,200,5,Expert Acier
1995,200,6,Stahlprofi
1996,200,7,Acero Templado
1997,200,8,Tempracciaio
1998,200,9,Steelworker
1999,200,11,はがねつかい
2000,200,12,钢能力者
2001,201,1,ぎゃくじょう
2002,201,3,발끈
2003,201,4,怒火沖天
2004,201,5,Dracolère
2005,201,6,Wutausbruch
2006,201,7,Cólera
2007,201,8,Furore
2008,201,9,Berserk
2009,201,11,ぎゃくじょう
2010,201,12,怒火冲天
2011,202,1,ゆきかき
2012,202,3,눈치우기
2013,202,4,撥雪
2014,202,5,Chasse-Neige
2015,202,6,Schneescharrer
2016,202,7,Quitanieves
2017,202,8,Spalaneve
2018,202,9,Slush Rush
2019,202,11,ゆきかき
2020,202,12,拨雪
2021,203,1,えんかく
2022,203,3,원격
2023,203,4,遠隔
2024,203,5,Longue Portée
2025,203,6,Langstrecke
2026,203,7,Remoto
2027,203,8,Distacco
2028,203,9,Long Reach
2029,203,11,えんかく
2030,203,12,远隔
2031,204,1,うるおいボイス
2032,204,3,촉촉보이스
2033,204,4,濕潤之聲
2034,204,5,Hydrata-Son
2035,204,6,Plätscherstimme
2036,204,7,Voz Fluida
2037,204,8,Idrovoce
2038,204,9,Liquid Voice
2039,204,11,うるおいボイス
2040,204,12,湿润之声
2041,205,1,ヒーリングシフト
2042,205,3,힐링시프트
2043,205,4,先行治療
2044,205,5,Prioguérison
2045,205,6,Heilwandel
2046,205,7,Primer Auxilio
2047,205,8,Primacura
2048,205,9,Triage
2049,205,11,ヒーリングシフト
2050,205,12,先行治疗
2051,206,1,エレキスキン
2052,206,3,일렉트릭스킨
2053,206,4,電氣皮膚
2054,206,5,Peau Électrique
2055,206,6,Elektrohaut
2056,206,7,Piel Eléctrica
2057,206,8,Pellelettro
2058,206,9,Galvanize
2059,206,11,エレキスキン
2060,206,12,电气皮肤
2061,207,1,サーフテール
2062,207,3,서핑테일
2063,207,4,衝浪之尾
2064,207,5,Surf Caudal
2065,207,6,Surf-Schweif
2066,207,7,Cola Surf
2067,207,8,Codasurf
2068,207,9,Surge Surfer
2069,207,11,サーフテール
2070,207,12,冲浪之尾
2071,208,1,ぎょぐん
2072,208,3,어군
2073,208,4,魚群
2074,208,5,Banc
2075,208,6,Fischschwarm
2076,208,7,Banco
2077,208,8,Banco
2078,208,9,Schooling
2079,208,11,ぎょぐん
2080,208,12,鱼群
2081,209,1,ばけのかわ
2082,209,3,탈
2083,209,4,畫皮
2084,209,5,Fantômasque
2085,209,6,Kostümspuk
2086,209,7,Disfraz
2087,209,8,Fantasmanto
2088,209,9,Disguise
2089,209,11,ばけのかわ
2090,209,12,画皮
2091,210,1,きずなへんげ
2092,210,3,유대변화
2093,210,4,牽絆變身
2094,210,5,Synergie
2095,210,6,Freundschaftsakt
2096,210,7,Fuerte Afecto
2097,210,8,Morfosintonia
2098,210,9,Battle Bond
2099,210,11,きずなへんげ
2100,210,12,牵绊变身
2101,211,1,スワームチェンジ
2102,211,3,스웜체인지
2103,211,4,群聚變形
2104,211,5,Rassemblement
2105,211,6,Scharwandel
2106,211,7,Agrupamiento
2107,211,8,Sciamefusione
2108,211,9,Power Construct
2109,211,11,スワームチェンジ
2110,211,12,群聚变形
2111,212,1,ふしょく
2112,212,3,부식
2113,212,4,腐蝕
2114,212,5,Corrosion
2115,212,6,Korrosion
2116,212,7,Corrosión
2117,212,8,Corrosione
2118,212,9,Corrosion
2119,212,11,ふしょく
2120,212,12,腐蚀
2121,213,1,ぜったいねむり
2122,213,3,절대안깸
2123,213,4,絕對睡眠
2124,213,5,Hypersommeil
2125,213,6,Dauerschlaf
2126,213,7,Letargo Perenne
2127,213,8,Sonno Assoluto
2128,213,9,Comatose
2129,213,11,ぜったいねむり
2130,213,12,绝对睡眠
2131,214,1,じょおうのいげん
2132,214,3,여왕의위엄
2133,214,4,女王的威嚴
2134,214,5,Prestance Royale
2135,214,6,Majestät
2136,214,7,Regia Presencia
2137,214,8,Regalità
2138,214,9,Queenly Majesty
2139,214,11,じょおうのいげん
2140,214,12,女王的威严
2141,215,1,とびだすなかみ
2142,215,3,내용물분출
2143,215,4,飛出的內在物
2144,215,5,Expuls’Organes
2145,215,6,Magenkrempler
2146,215,7,Revés
2147,215,8,Espellinterno
2148,215,9,Innards Out
2149,215,11,とびだすなかみ
2150,215,12,飞出的内在物
2151,216,1,おどりこ
2152,216,3,무희
2153,216,4,舞者
2154,216,5,Danseuse
2155,216,6,Tänzer
2156,216,7,Pareja de Baile
2157,216,8,Sincrodanza
2158,216,9,Dancer
2159,216,11,おどりこ
2160,216,12,舞者
2161,217,1,バッテリー
2162,217,3,배터리
2163,217,4,蓄電池
2164,217,5,Batterie
2165,217,6,Batterie
2166,217,7,Batería
2167,217,8,Batteria
2168,217,9,Battery
2169,217,11,バッテリー
2170,217,12,蓄电池
2171,218,1,もふもふ
2172,218,3,복슬복슬
2173,218,4,毛茸茸
2174,218,5,Boule de Poils
2175,218,6,Flauschigkeit
2176,218,7,Peluche
2177,218,8,Morbidone
2178,218,9,Fluffy
2179,218,11,もふもふ
2180,218,12,毛茸茸
2181,219,1,ビビッドボディ
2182,219,3,비비드바디
2183,219,4,鮮艷之軀
2184,219,5,Corps Coloré
2185,219,6,Buntkörper
2186,219,7,Cuerpo Vívido
2187,219,8,Corposgargiante
2188,219,9,Dazzling
2189,219,11,ビビッドボディ
2190,219,12,鲜艳之躯
2191,220,1,ソウルハート
2192,220,3,소울하트
2193,220,4,魂心
2194,220,5,Animacœur
2195,220,6,Seelenherz
2196,220,7,Coránima
2197,220,8,Cuoreanima
2198,220,9,Soul-Heart
2199,220,11,ソウルハート
2200,220,12,魂心
2201,221,1,カーリーヘアー
2202,221,3,컬리헤어
2203,221,4,捲髮
2204,221,5,Mèche Rebelle
2205,221,6,Lockenkopf
2206,221,7,Rizos Rebeldes
2207,221,8,Boccolidoro
2208,221,9,Tangling Hair
2209,221,11,カーリーヘアー
2210,221,12,卷发
2211,222,1,レシーバー
2212,222,3,리시버
2213,222,4,接球手
2214,222,5,Receveur
2215,222,6,Receiver
2216,222,7,Receptor
2217,222,8,Ricezione
2218,222,9,Receiver
2219,222,11,レシーバー
2220,222,12,接球手
2221,223,1,かがくのちから
2222,223,3,과학의힘
2223,223,4,化學之力
2224,223,5,Osmose
2225,223,6,Chemiekraft
2226,223,7,Reacción Química
2227,223,8,Forza Chimica
2228,223,9,Power of Alchemy
2229,223,11,かがくのちから
2230,223,12,化学之力
2231,224,1,ビーストブースト
2232,224,3,비스트부스트
2233,224,4,異獸提升
2234,224,5,Boost Chimère
2235,224,6,Bestien-Boost
2236,224,7,Ultraimpulso
2237,224,8,Ultraboost
2238,224,9,Beast Boost
2239,224,11,ビーストブースト
2240,224,12,异兽提升
2241,225,1,ＡＲシステム
2242,225,3,AR시스템
2243,225,4,ＡＲ系統
2244,225,5,Système Alpha
2245,225,6,Alpha-System
2246,225,7,Sistema Alfa
2247,225,8,Sistema Primevo
2248,225,9,RKS System
2249,225,11,ＡＲシステム
2250,225,12,ＡＲ系统
2251,226,1,エレキメイカー
2252,226,3,일렉트릭메이커
2253,226,4,電氣製造者
2254,226,5,Créa-Élec
2255,226,6,Elektro-Erzeuger
2256,226,7,Electrogénesis
2257,226,8,Elettrogenesi
2258,226,9,Electric Surge
2259,226,11,エレキメイカー
2260,226,12,电气制造者
2261,227,1,サイコメイカー
2262,227,3,사이코메이커
2263,227,4,精神製造者
2264,227,5,Créa-Psy
2265,227,6,Psycho-Erzeuger
2266,227,7,Psicogénesis
2267,227,8,Psicogenesi
2268,227,9,Psychic Surge
2269,227,11,サイコメイカー
2270,227,12,精神制造者
2271,228,1,ミストメイカー
2272,228,3,미스트메이커
2273,228,4,薄霧製造者
2274,228,5,Créa-Brume
2275,228,6,Nebel-Erzeuger
2276,228,7,Nebulogénesis
2277,228,8,Nebbiogenesi
2278,228,9,Misty Surge
2279,228,11,ミストメイカー
2280,228,12,薄雾制造者
2281,229,1,グラスメイカー
2282,229,3,그래스메이커
2283,229,4,青草製造者
2284,229,5,Créa-Herbe
2285,229,6,Gras-Erzeuger
2286,229,7,Herbogénesis
2287,229,8,Erbogenesi
2288,229,9,Grassy Surge
2289,229,11,グラスメイカー
2290,229,12,青草制造者
2291,230,1,メタルプロテクト
2292,230,3,메탈프로텍트
2293,230,4,金屬防護
2294,230,5,Métallo-Garde
2295,230,6,Metallprotektor
2296,230,7,Guardia Metálica
2297,230,8,Metalprotezione
2298,230,9,Full Metal Body
2299,230,11,メタルプロテクト
2300,230,12,金属防护
2301,231,1,ファントムガード
2302,231,3,스펙터가드
2303,231,4,幻影防守
2304,231,5,Spectro-Bouclier
2305,231,6,Phantomschutz
2306,231,7,Guardia Espectro
2307,231,8,Spettroguardia
2308,231,9,Shadow Shield
2309,231,11,ファントムガード
2310,231,12,幻影防守
2311,232,1,プリズムアーマー
2312,232,3,프리즘아머
2313,232,4,稜鏡裝甲
2314,232,5,Prisme-Armure
2315,232,6,Prismarüstung
2316,232,7,Armadura Prisma
2317,232,8,Scudoprisma
2318,232,9,Prism Armor
2319,232,11,プリズムアーマー
2320,232,12,棱镜装甲
2321,233,1,ブレインフォース
2322,233,3,브레인포스
2323,233,4,腦核之力
2324,233,5,Cérébro-Force
2325,233,6,Zerebralmacht
2326,233,7,Fuerza Cerebral
2327,233,8,Cerebroforza
2328,233,9,Neuroforce
2329,233,11,ブレインフォース
2330,233,12,脑核之力
2331,234,1,ふとうのけん
2332,234,3,불요의검
2333,234,4,不撓之劍
2334,234,5,Lame Indomptable
2335,234,6,Kühnes Schwert
2336,234,7,Espada Indómita
2337,234,8,Spada Indomita
2338,234,9,Intrepid Sword
2339,234,11,ふとうのけん
2340,234,12,不挠之剑
2341,235,1,ふくつのたて
2342,235,3,불굴의방패
2343,235,4,不屈之盾
2344,235,5,Égide Inflexible
2345,235,6,Wackerer Schild
2346,235,7,Escudo Recio
2347,235,8,Scudo Saldo
2348,235,9,Dauntless Shield
2349,235,11,ふくつのたて
2350,235,12,不屈之盾
2351,236,1,リベロ
2352,236,3,리베로
2353,236,4,自由者
2354,236,5,Libéro
2355,236,6,Libero
2356,236,7,Líbero
2357,236,8,Libero
2358,236,9,Libero
2359,236,11,リベロ
2360,236,12,自由者
2361,237,1,たまひろい
2362,237,3,볼줍기
2363,237,4,撿球
2364,237,5,Ramasse Ball
2365,237,6,Apport
2366,237,7,Recogebolas
2367,237,8,Raccattapalle
2368,237,9,Ball Fetch
2369,237,11,たまひろい
2370,237,12,捡球
2371,238,1,わたげ
2372,238,3,솜털
2373,238,4,棉絮
2374,238,5,Effilochage
2375,238,6,Wollflaum
2376,238,7,Pelusa
2377,238,8,Lanugine
2378,238,9,Cotton Down
2379,238,11,わたげ
2380,238,12,棉絮
2381,239,1,スクリューおびれ
2382,239,3,스크루지느러미
2383,239,4,螺旋尾鰭
2384,239,5,Propulseur
2385,239,6,Schraubflosse
2386,239,7,Hélice Caudal
2387,239,8,Elicopinna
2388,239,9,Propeller Tail
2389,239,11,スクリューおびれ
2390,239,12,螺旋尾鳍
2391,240,1,ミラーアーマー
2392,240,3,미러아머
2393,240,4,鏡甲
2394,240,5,Armure Miroir
2395,240,6,Spiegelrüstung
2396,240,7,Coraza Reflejo
2397,240,8,Blindospecchio
2398,240,9,Mirror Armor
2399,240,11,ミラーアーマー
2400,240,12,镜甲
2401,241,1,うのミサイル
2402,241,3,그대로꿀꺽미사일
2403,241,4,一口飛彈
2404,241,5,Dégobage
2405,241,6,Würggeschoss
2406,241,7,Tragamisil
2407,241,8,Inghiottimissile
2408,241,9,Gulp Missile
2409,241,11,うのミサイル
2410,241,12,一口导弹
2411,242,1,すじがねいり
2412,242,3,굳건한신념
2413,242,4,堅毅
2414,242,5,Nerfs d’Acier
2415,242,6,Stahlrückgrat
2416,242,7,Acérrimo
2417,242,8,Volontà di Ferro
2418,242,9,Stalwart
2419,242,11,すじがねいり
2420,242,12,坚毅
2421,243,1,じょうききかん
2422,243,3,증기기관
2423,243,4,蒸汽機
2424,243,5,Turbine
2425,243,6,Dampfantrieb
2426,243,7,Combustible
2427,243,8,Vapormacchina
2428,243,9,Steam Engine
2429,243,11,じょうききかん
2430,243,12,蒸汽机
2431,244,1,パンクロック
2432,244,3,펑크록
2433,244,4,龐克搖滾
2434,244,5,Punk Rock
2435,244,6,Punk Rock
2436,244,7,Punk Rock
2437,244,8,Punk Rock
2438,244,9,Punk Rock
2439,244,11,パンクロック
2440,244,12,庞克摇滚
2441,245,1,すなはき
2442,245,3,모래뿜기
2443,245,4,吐沙
2444,245,5,Expul’Sable
2445,245,6,Sandspeier
2446,245,7,Expulsarena
2447,245,8,Sputasabbia
2448,245,9,Sand Spit
2449,245,11,すなはき
2450,245,12,吐沙
2451,246,1,こおりのりんぷん
2452,246,3,얼음인분
2453,246,4,冰鱗粉
2454,246,5,Écailles Glacées
2455,246,6,Eisflügelstaub
2456,246,7,Escama de Hielo
2457,246,8,Geloscaglie
2458,246,9,Ice Scales
2459,246,11,こおりのりんぷん
2460,246,12,冰鳞粉
2461,247,1,じゅくせい
2462,247,3,숙성
2463,247,4,熟成
2464,247,5,Mûrissement
2465,247,6,Heranreifen
2466,247,7,Maduración
2467,247,8,Maturazione
2468,247,9,Ripen
2469,247,11,じゅくせい
2470,247,12,熟成
2471,248,1,アイスフェイス
2472,248,3,아이스페이스
2473,248,4,結凍頭
2474,248,5,Tête de Gel
2475,248,6,Tiefkühlkopf
2476,248,7,Cara de Hielo
2477,248,8,Gelofaccia
2478,248,9,Ice Face
2479,248,11,アイスフェイス
2480,248,12,结冻头
2481,249,1,パワースポット
2482,249,3,파워스폿
2483,249,4,能量點
2484,249,5,Cercle d’Énergie
2485,249,6,Kraftquelle
2486,249,7,Fuente Energía
2487,249,8,Fonte Energetica
2488,249,9,Power Spot
2489,249,11,パワースポット
2490,249,12,能量点
2491,250,1,ぎたい
2492,250,3,의태
2493,250,4,擬態
2494,250,5,Mimétisme
2495,250,6,Mimese
2496,250,7,Mimetismo
2497,250,8,Mimetismo
2498,250,9,Mimicry
2499,250,11,ぎたい
2500,250,12,拟态
2501,251,1,バリアフリー
2502,251,3,배리어프리
2503,251,4,除障
2504,251,5,Brise-Barrière
2505,251,6,Hemmungslos
2506,251,7,Antibarrera
2507,251,8,Annullabarriere
2508,251,9,Screen Cleaner
2509,251,11,バリアフリー
2510,251,12,除障
2511,252,1,はがねのせいしん
2512,252,3,강철정신
2513,252,4,鋼之意志
2514,252,5,Boost Acier
2515,252,6,Stählerner Wille
2516,252,7,Alma Acerada
2517,252,8,Spiritoferreo
2518,252,9,Steely Spirit
2519,252,11,はがねのせいしん
2520,252,12,钢之意志
2521,253,1,ほろびのボディ
2522,253,3,멸망의바디
2523,253,4,滅亡之軀
2524,253,5,Corps Condamné
2525,253,6,Unheilskörper
2526,253,7,Cuerpo Mortal
2527,253,8,Ultimotocco
2528,253,9,Perish Body
2529,253,11,ほろびのボディ
2530,253,12,灭亡之躯
2531,254,1,さまようたましい
2532,254,3,떠도는영혼
2533,254,4,遊魂
2534,254,5,Âme Vagabonde
2535,254,6,Rastlose Seele
2536,254,7,Alma Errante
2537,254,8,Anima Errante
2538,254,9,Wandering Spirit
2539,254,11,さまようたましい
2540,254,12,游魂
2541,255,1,ごりむちゅう
2542,255,3,무아지경
2543,255,4,一猩一意
2544,255,5,Entêtement
2545,255,6,Affenfokus
2546,255,7,Monotema
2547,255,8,Vigorilla
2548,255,9,Gorilla Tactics
2549,255,11,ごりむちゅう
2550,255,12,一猩一意
2551,256,1,かがくへんかガス
2552,256,3,화학변화가스
2553,256,4,化學變化氣體
2554,256,5,Gaz Inhibiteur
2555,256,6,Reaktionsgas
2556,256,7,Gas Reactivo
2557,256,8,Gas Reagente
2558,256,9,Neutralizing Gas
2559,256,11,かがくへんかガス
2560,256,12,化学变化气体
2561,257,1,パステルベール
2562,257,3,파스텔베일
2563,257,4,粉彩護幕
2564,257,5,Voile Pastel
2565,257,6,Pastellhülle
2566,257,7,Velo Pastel
2567,257,8,Pastelvelo
2568,257,9,Pastel Veil
2569,257,11,パステルベール
2570,257,12,粉彩护幕
2571,258,1,はらぺこスイッチ
2572,258,3,꼬르륵스위치
2573,258,4,飽了又餓
2574,258,5,Déclic Fringale
2575,258,6,Heißhunger
2576,258,7,Mutapetito
2577,258,8,Pancialterna
2578,258,9,Hunger Switch
2579,258,11,はらぺこスイッチ
2580,258,12,饱了又饿
2581,259,1,クイックドロウ
2582,259,3,퀵드로
2583,259,4,速擊
2584,259,5,Tir Vif
2585,259,6,Schnellschuss
2586,259,7,Mano Rápida
2587,259,8,Colpolesto
2588,259,9,Quick Draw
2589,259,11,クイックドロウ
2590,259,12,速击
2591,260,1,ふかしのこぶし
2592,260,3,보이지않는주먹
2593,260,4,無形拳
2594,260,5,Poing Invisible
2595,260,6,Verborgene Faust
2596,260,7,Puño Invisible
2597,260,8,Pugni Invisibili
2598,260,9,Unseen Fist
2599,260,11,ふかしのこぶし
2600,260,12,无形拳
2601,261,1,きみょうなくすり
2602,261,3,기묘한약
2603,261,4,怪藥
2604,261,5,Breuvage Suspect
2605,261,6,Kuriose Arznei
2606,261,7,Medicina Extraña
2607,261,8,Stranofarmaco
2608,261,9,Curious Medicine
2609,261,11,きみょうなくすり
2610,261,12,怪药
2611,262,1,トランジスタ
2612,262,3,트랜지스터
2613,262,4,電晶體
2614,262,5,Transistor
2615,262,6,Transistor
2616,262,7,Transistor
2617,262,8,Transistor
2618,262,9,Transistor
2619,262,11,トランジスタ
2620,262,12,电晶体
2621,263,1,りゅうのあぎと
2622,263,3,용의턱
2623,263,4,龍顎
2624,263,5,Dent de Dragon
2625,263,6,Drachenkiefer
2626,263,7,Mandíbula Dragón
2627,263,8,Dragomascelle
2628,263,9,Dragon’s Maw
2629,263,11,りゅうのあぎと
2630,263,12,龙颚
2631,264,1,しろのいななき
2632,264,3,백의울음
2633,264,4,蒼白嘶鳴
2634,264,5,Blanche Ruade
2635,264,6,Helles Wiehern
2636,264,7,Relincho Blanco
2637,264,8,Nitrito Bianco
2638,264,9,Chilling Neigh
2639,264,11,しろのいななき
2640,264,12,苍白嘶鸣
2641,265,1,くろのいななき
2642,265,3,흑의울음
2643,265,4,漆黑嘶鳴
2644,265,5,Sombre Ruade
2645,265,6,Dunkles Wiehern
2646,265,7,Relincho Negro
2647,265,8,Nitrito Nero
2648,265,9,Grim Neigh
2649,265,11,くろのいななき
2650,265,12,漆黑嘶鸣
2651,266,1,じんばいったい
2652,266,3,혼연일체
2653,266,4,人馬一體
2654,266,5,Osmose Équine
2655,266,6,Reitgespann
2656,266,7,Unidad Ecuestre
2657,266,8,Sintonia Equina
2658,266,9,As One
2659,266,11,じんばいったい
2660,266,12,人马一体
2661,267,1,じんばいったい
2662,267,3,혼연일체
2663,267,4,人馬一體
2664,267,5,Osmose Équine
2665,267,6,Reitgespann
2666,267,7,Unidad Ecuestre
2667,267,8,Sintonia Equina
2668,267,9,As One
2669,267,11,じんばいったい
2670,267,12,人马一体
2671,10001,9,Mountaineer
2672,10002,9,Wave Rider
2673,10003,9,Skater
2674,10004,9,Thrust
2675,10005,9,Perception
2676,10006,9,Parry
2677,10007,9,Instinct
2678,10008,9,Dodge
2679,10009,9,Jagged Edge
2680,10010,9,Frostbite
2681,10011,9,Tenacity
2682,10012,9,Pride
2683,10013,9,Deep Sleep
2684,10014,9,Power Nap
2685,10015,9,Spirit
2686,10016,9,Warm Blanket
2687,10017,9,Gulp
2688,10018,9,Herbivore
2689,10019,9,Sandpit
2690,10020,9,Hot Blooded
2691,10021,9,Medic
2692,10022,9,Life Force
2693,10023,9,Lunchbox
2694,10024,9,Nurse
2695,10025,9,Melee
2696,10026,9,Sponge
2697,10027,9,Bodyguard
2698,10028,9,Hero
2699,10029,9,Last Bastion
2700,10030,9,Stealth
2701,10031,9,Vanguard
2702,10032,9,Nomad
2703,10033,9,Sequence
2704,10034,9,Grass Cloak
2705,10035,9,Celebrate
2706,10036,9,Lullaby
2707,10037,9,Calming
2708,10038,9,Daze
2709,10039,9,Frighten
2710,10040,9,Interference
2711,10041,9,Mood Maker
2712,10042,9,Confidence
2713,10043,9,Fortune
2714,10044,9,Bonanza
2715,10045,9,Explode
2716,10046,9,Omnipotent
2717,10047,9,Share
2718,10048,9,Black Hole
2719,10049,9,Shadow Dash
2720,10050,9,Sprint
2721,10051,9,Disgust
2722,10052,9,High-rise
2723,10053,9,Climber
2724,10054,9,Flame Boost
2725,10055,9,Aqua Boost
2726,10056,9,Run Up
2727,10057,9,Conqueror
2728,10058,9,Shackle
2729,10059,9,Decoy
2730,10060,9,Shield
